{
  "feature_1": {
    "mean": 10.038664111644652,
    "std": 1.9574524154947084
  },
  "feature_2": {
    "mean": 50.35418118624578,
    "std": 4.984777626473151
  }
}