{
  "feature_1": {
    "p_value": 1.1200159242482347e-150,
    "drift_detected": 1
  },
  "feature_2": {
    "p_value": 1.1769049406869003e-117,
    "drift_detected": 1
  }
}